# Name,     Type, SubType, Offset,   Size
# 512KB NVS: the default 24KB cannot hold a module pack, since a single NVS
# blob is capped near the partition size.
# Two app slots so firmware can be replaced over the air without a cable;
# the bootloader runs whichever otadata names, and falls back on failure.
nvs,        data, nvs,     0x9000,   0x80000,
otadata,    data, ota,     0x89000,  0x2000,
phy_init,   data, phy,     0x8b000,  0x1000,
ota_0,      app,  ota_0,   0x90000,  0x300000,
ota_1,      app,  ota_1,   0x390000, 0x300000,
